Commodity Code,Commodity Name,Substance,"Unit, purchaser price",Supply Chain Emission Factors without Margins,Margins of Supply Chain Emission Factors,Supply Chain Emission Factors with Margins
"111CA~Farms~carbon dioxide~kg/2018 USD, purchaser price~0.467~0.046~0.513",,,,,,
"111CA~Farms~methane~kg/2018 USD, purchaser price~0.025~0~0.026",,,,,,
"111CA~Farms~nitrous oxide~kg/2018 USD, purchaser price~0.002~0~0.002",,,,,,
"111CA~Farms~other GHGs~kg CO2e/2018 USD, purchaser price~0.004~0~0.004",,,,,,
"113FF~Forestry and fishing with related activities~carbon dioxide~kg/2018 USD, purchaser price~0.199~0.024~0.223",,,,,,
"113FF~Forestry and fishing with related activities~methane~kg/2018 USD, purchaser price~0.003~0~0.003",,,,,,
"113FF~Forestry and fishing with related activities~nitrous oxide~kg/2018 USD, purchaser price~0~0~0",,,,,,
"113FF~Forestry and fishing with related activities~other GHGs~kg CO2e/2018 USD, purchaser price~0.002~0~0.002",,,,,,
"211~Oil and gas extraction~carbon dioxide~kg/2018 USD, purchaser price~0.508~0.062~0.569",,,,,,
"211~Oil and gas extraction~methane~kg/2018 USD, purchaser price~0.028~0.001~0.028",,,,,,
"211~Oil and gas extraction~nitrous oxide~kg/2018 USD, purchaser price~0~0~0",,,,,,
"211~Oil and gas extraction~other GHGs~kg CO2e/2018 USD, purchaser price~0.004~0~0.004",,,,,,
"212~Mining except oil and gas~carbon dioxide~kg/2018 USD, purchaser price~0.639~0.11~0.749",,,,,,
"212~Mining except oil and gas~methane~kg/2018 USD, purchaser price~0.022~0.001~0.023",,,,,,
"212~Mining except oil and gas~nitrous oxide~kg/2018 USD, purchaser price~0~0~0",,,,,,
"212~Mining except oil and gas~other GHGs~kg CO2e/2018 USD, purchaser price~0.005~0~0.005",,,,,,
"213~Support activities for mining~carbon dioxide~kg/2018 USD, purchaser price~0.445~0~0.445",,,,,,
"213~Support activities for mining~methane~kg/2018 USD, purchaser price~0.013~0~0.013",,,,,,
"213~Support activities for mining~nitrous oxide~kg/2018 USD, purchaser price~0~0~0",,,,,,
"213~Support activities for mining~other GHGs~kg CO2e/2018 USD, purchaser price~0.004~0~0.004",,,,,,
22,Utilities,carbon dioxide,"kg/2018 USD, purchaser price",2.884,0,2.884
22,Utilities,methane,"kg/2018 USD, purchaser price",0.005,0,0.005
22,Utilities,nitrous oxide,"kg/2018 USD, purchaser price",0,0,0
22,Utilities,other GHGs,"kg CO2e/2018 USD, purchaser price",0.01,0,0.01
23,Construction,carbon dioxide,"kg/2018 USD, purchaser price",0.259,0,0.259
23,Construction,methane,"kg/2018 USD, purchaser price",0.002,0,0.002
23,Construction,nitrous oxide,"kg/2018 USD, purchaser price",0,0,0
23,Construction,other GHGs,"kg CO2e/2018 USD, purchaser price",0.02,0,0.02
311FT,Food and beverage and tobacco products,carbon dioxide,"kg/2018 USD, purchaser price",0.317,0.019,0.336
311FT,Food and beverage and tobacco products,methane,"kg/2018 USD, purchaser price",0.008,0,0.008
311FT,Food and beverage and tobacco products,nitrous oxide,"kg/2018 USD, purchaser price",0.001,0,0.001
311FT,Food and beverage and tobacco products,other GHGs,"kg CO2e/2018 USD, purchaser price",0.007,0,0.007
313TT,Textile mills and textile product mills,carbon dioxide,"kg/2018 USD, purchaser price",0.272,0.05,0.322
313TT,Textile mills and textile product mills,methane,"kg/2018 USD, purchaser price",0.002,0,0.002
313TT,Textile mills and textile product mills,nitrous oxide,"kg/2018 USD, purchaser price",0,0,0
313TT,Textile mills and textile product mills,other GHGs,"kg CO2e/2018 USD, purchaser price",0.005,0,0.005
315AL,Apparel and leather and allied products,carbon dioxide,"kg/2018 USD, purchaser price",0.078,0.305,0.383
315AL,Apparel and leather and allied products,methane,"kg/2018 USD, purchaser price",0.001,0.002,0.002
315AL,Apparel and leather and allied products,nitrous oxide,"kg/2018 USD, purchaser price",0,0,0
315AL,Apparel and leather and allied products,other GHGs,"kg CO2e/2018 USD, purchaser price",0.002,0,0.002
321,Wood products,carbon dioxide,"kg/2018 USD, purchaser price",0.189,0.029,0.218
321,Wood products,methane,"kg/2018 USD, purchaser price",0.001,0,0.001
321,Wood products,nitrous oxide,"kg/2018 USD, purchaser price",0,0,0
321,Wood products,other GHGs,"kg CO2e/2018 USD, purchaser price",0.01,0,0.01
322,Paper products,carbon dioxide,"kg/2018 USD, purchaser price",0.345,0.021,0.366
322,Paper products,methane,"kg/2018 USD, purchaser price",0.001,0,0.001
322,Paper products,nitrous oxide,"kg/2018 USD, purchaser price",0,0,0
322,Paper products,other GHGs,"kg CO2e/2018 USD, purchaser price",0.005,0,0.005
323,Printing and related support activities,carbon dioxide,"kg/2018 USD, purchaser price",0.21,0.02,0.23
323,Printing and related support activities,methane,"kg/2018 USD, purchaser price",0.001,0,0.001
323,Printing and related support activities,nitrous oxide,"kg/2018 USD, purchaser price",0,0,0
323,Printing and related support activities,other GHGs,"kg CO2e/2018 USD, purchaser price",0.004,0,0.004
324,Petroleum and coal products,carbon dioxide,"kg/2018 USD, purchaser price",0.755,0.018,0.773
324,Petroleum and coal products,methane,"kg/2018 USD, purchaser price",0.018,0,0.018
324,Petroleum and coal products,nitrous oxide,"kg/2018 USD, purchaser price",0,0,0
324,Petroleum and coal products,other GHGs,"kg CO2e/2018 USD, purchaser price",0.005,0,0.005
325,Chemical products,carbon dioxide,"kg/2018 USD, purchaser price",0.282,0.013,0.295
325,Chemical products,methane,"kg/2018 USD, purchaser price",0.001,0,0.001
325,Chemical products,nitrous oxide,"kg/2018 USD, purchaser price",0,0,0
325,Chemical products,other GHGs,"kg CO2e/2018 USD, purchaser price",0.01,0,0.01
326,Plastics and rubber products,carbon dioxide,"kg/2018 USD, purchaser price",0.164,0.009,0.173
326,Plastics and rubber products,methane,"kg/2018 USD, purchaser price",0.001,0,0.001
326,Plastics and rubber products,nitrous oxide,"kg/2018 USD, purchaser price",0,0,0
326,Plastics and rubber products,other GHGs,"kg CO2e/2018 USD, purchaser price",0.011,0,0.011
327,Nonmetallic mineral products,carbon dioxide,"kg/2018 USD, purchaser price",0.499,0.039,0.538
327,Nonmetallic mineral products,methane,"kg/2018 USD, purchaser price",0.001,0,0.002
327,Nonmetallic mineral products,nitrous oxide,"kg/2018 USD, purchaser price",0,0,0
327,Nonmetallic mineral products,other GHGs,"kg CO2e/2018 USD, purchaser price",0.004,0,0.004
331,Primary metals,carbon dioxide,"kg/2018 USD, purchaser price",0.058,0.002,0.06
331,Primary metals,methane,"kg/2018 USD, purchaser price",0,0,0
331,Primary metals,nitrous oxide,"kg/2018 USD, purchaser price",0,0,0
331,Primary metals,other GHGs,"kg CO2e/2018 USD, purchaser price",0.021,0,0.021
332,Fabricated metal products,carbon dioxide,"kg/2018 USD, purchaser price",0.225,0.015,0.239
332,Fabricated metal products,methane,"kg/2018 USD, purchaser price",0.001,0,0.001
332,Fabricated metal products,nitrous oxide,"kg/2018 USD, purchaser price",0,0,0
332,Fabricated metal products,other GHGs,"kg CO2e/2018 USD, purchaser price",0.008,0,0.008
333,Machinery,carbon dioxide,"kg/2018 USD, purchaser price",0.167,0.019,0.185
333,Machinery,methane,"kg/2018 USD, purchaser price",0.001,0,0.001
333,Machinery,nitrous oxide,"kg/2018 USD, purchaser price",0,0,0
333,Machinery,other GHGs,"kg CO2e/2018 USD, purchaser price",0.043,0,0.043
334,Computer and electronic products,carbon dioxide,"kg/2018 USD, purchaser price",0.043,0.022,0.064
334,Computer and electronic products,methane,"kg/2018 USD, purchaser price",0,0,0
334,Computer and electronic products,nitrous oxide,"kg/2018 USD, purchaser price",0,0,0
334,Computer and electronic products,other GHGs,"kg CO2e/2018 USD, purchaser price",0.015,0,0.015
335,Electrical equipment appliances and components,carbon dioxide,"kg/2018 USD, purchaser price",0.197,0.034,0.232
335,Electrical equipment appliances and components,methane,"kg/2018 USD, purchaser price",0.001,0,0.001
335,Electrical equipment appliances and components,nitrous oxide,"kg/2018 USD, purchaser price",0,0,0
335,Electrical equipment appliances and components,other GHGs,"kg CO2e/2018 USD, purchaser price",0.011,0,0.011
3361MV,Motor vehicles trailers and parts,carbon dioxide,"kg/2018 USD, purchaser price",0.174,0.015,0.188
3361MV,Motor vehicles trailers and parts,methane,"kg/2018 USD, purchaser price",0.001,0,0.001
3361MV,Motor vehicles trailers and parts,nitrous oxide,"kg/2018 USD, purchaser price",0,0,0
3361MV,Motor vehicles trailers and parts,other GHGs,"kg CO2e/2018 USD, purchaser price",0.019,0,0.019
3364OT,Other transportation equipment,carbon dioxide,"kg/2018 USD, purchaser price",0.084,0.006,0.09
3364OT,Other transportation equipment,methane,"kg/2018 USD, purchaser price",0,0,0
3364OT,Other transportation equipment,nitrous oxide,"kg/2018 USD, purchaser price",0,0,0
3364OT,Other transportation equipment,other GHGs,"kg CO2e/2018 USD, purchaser price",0.005,0,0.005
337,Furniture and related products,carbon dioxide,"kg/2018 USD, purchaser price",0.159,0.087,0.246
337,Furniture and related products,methane,"kg/2018 USD, purchaser price",0.001,0.001,0.001
337,Furniture and related products,nitrous oxide,"kg/2018 USD, purchaser price",0,0,0
337,Furniture and related products,other GHGs,"kg CO2e/2018 USD, purchaser price",0.021,0,0.021
339,Miscellaneous manufacturing,carbon dioxide,"kg/2018 USD, purchaser price",0.158,0.069,0.227
339,Miscellaneous manufacturing,methane,"kg/2018 USD, purchaser price",0.001,0.001,0.001
339,Miscellaneous manufacturing,nitrous oxide,"kg/2018 USD, purchaser price",0,0,0
339,Miscellaneous manufacturing,other GHGs,"kg CO2e/2018 USD, purchaser price",0.005,0,0.005
42,Wholesale trade,carbon dioxide,"kg/2018 USD, purchaser price",0.113,0,0.113
42,Wholesale trade,methane,"kg/2018 USD, purchaser price",0.001,0,0.001
42,Wholesale trade,nitrous oxide,"kg/2018 USD, purchaser price",0,0,0
42,Wholesale trade,other GHGs,"kg CO2e/2018 USD, purchaser price",0.003,0,0.003
441,Motor vehicle and parts dealers,carbon dioxide,"kg/2018 USD, purchaser price",0.12,0,0.12
441,Motor vehicle and parts dealers,methane,"kg/2018 USD, purchaser price",0.001,0,0.001
441,Motor vehicle and parts dealers,nitrous oxide,"kg/2018 USD, purchaser price",0,0,0
441,Motor vehicle and parts dealers,other GHGs,"kg CO2e/2018 USD, purchaser price",0.002,0,0.002
445,Food and beverage stores,carbon dioxide,"kg/2018 USD, purchaser price",0.219,0,0.219
445,Food and beverage stores,methane,"kg/2018 USD, purchaser price",0.001,0,0.001
445,Food and beverage stores,nitrous oxide,"kg/2018 USD, purchaser price",0,0,0
445,Food and beverage stores,other GHGs,"kg CO2e/2018 USD, purchaser price",0.004,0,0.004
452,General merchandise stores,carbon dioxide,"kg/2018 USD, purchaser price",0.15,0,0.15
452,General merchandise stores,methane,"kg/2018 USD, purchaser price",0.001,0,0.001
452,General merchandise stores,nitrous oxide,"kg/2018 USD, purchaser price",0,0,0
452,General merchandise stores,other GHGs,"kg CO2e/2018 USD, purchaser price",0.002,0,0.002
481,Air transportation,carbon dioxide,"kg/2018 USD, purchaser price",0.871,0,0.871
481,Air transportation,methane,"kg/2018 USD, purchaser price",0.002,0,0.002
481,Air transportation,nitrous oxide,"kg/2018 USD, purchaser price",0,0,0
481,Air transportation,other GHGs,"kg CO2e/2018 USD, purchaser price",0.002,0,0.002
482,Rail transportation,carbon dioxide,"kg/2018 USD, purchaser price",0.693,0,0.693
482,Rail transportation,methane,"kg/2018 USD, purchaser price",0.001,0,0.001
482,Rail transportation,nitrous oxide,"kg/2018 USD, purchaser price",0,0,0
482,Rail transportation,other GHGs,"kg CO2e/2018 USD, purchaser price",0.004,0,0.004
483,Water transportation,carbon dioxide,"kg/2018 USD, purchaser price",0.635,0,0.635
483,Water transportation,methane,"kg/2018 USD, purchaser price",0.002,0,0.002
483,Water transportation,nitrous oxide,"kg/2018 USD, purchaser price",0,0,0
483,Water transportation,other GHGs,"kg CO2e/2018 USD, purchaser price",0.057,0,0.057
484,Truck transportation,carbon dioxide,"kg/2018 USD, purchaser price",1.318,0,1.318
484,Truck transportation,methane,"kg/2018 USD, purchaser price",0.002,0,0.002
484,Truck transportation,nitrous oxide,"kg/2018 USD, purchaser price",0,0,0
484,Truck transportation,other GHGs,"kg CO2e/2018 USD, purchaser price",0.021,0,0.021
485,Transit and ground passenger transportation,carbon dioxide,"kg/2018 USD, purchaser price",0.312,0,0.312
485,Transit and ground passenger transportation,methane,"kg/2018 USD, purchaser price",0.001,0,0.001
485,Transit and ground passenger transportation,nitrous oxide,"kg/2018 USD, purchaser price",0,0,0
485,Transit and ground passenger transportation,other GHGs,"kg CO2e/2018 USD, purchaser price",0.006,0,0.006
486,Pipeline transportation,carbon dioxide,"kg/2018 USD, purchaser price",1.08,0,1.08
486,Pipeline transportation,methane,"kg/2018 USD, purchaser price",0.028,0,0.028
486,Pipeline transportation,nitrous oxide,"kg/2018 USD, purchaser price",0,0,0
486,Pipeline transportation,other GHGs,"kg CO2e/2018 USD, purchaser price",0.011,0,0.011
487OS,Other transportation and support activities,carbon dioxide,"kg/2018 USD, purchaser price",0.371,0,0.371
487OS,Other transportation and support activities,methane,"kg/2018 USD, purchaser price",0.002,0,0.002
487OS,Other transportation and support activities,nitrous oxide,"kg/2018 USD, purchaser price",0,0,0
487OS,Other transportation and support activities,other GHGs,"kg CO2e/2018 USD, purchaser price",0.005,0,0.005
493,Warehousing and storage,carbon dioxide,"kg/2018 USD, purchaser price",0.426,0,0.426
493,Warehousing and storage,methane,"kg/2018 USD, purchaser price",0.001,0,0.001
493,Warehousing and storage,nitrous oxide,"kg/2018 USD, purchaser price",0,0,0
493,Warehousing and storage,other GHGs,"kg CO2e/2018 USD, purchaser price",0.004,0,0.004
4A0,Other retail,carbon dioxide,"kg/2018 USD, purchaser price",0.147,0,0.147
4A0,Other retail,methane,"kg/2018 USD, purchaser price",0.001,0,0.001
4A0,Other retail,nitrous oxide,"kg/2018 USD, purchaser price",0,0,0
4A0,Other retail,other GHGs,"kg CO2e/2018 USD, purchaser price",0.003,0,0.003
511,Publishing industries except internet (includes software),carbon dioxide,"kg/2018 USD, purchaser price",0.043,0.012,0.055
511,Publishing industries except internet (includes software),methane,"kg/2018 USD, purchaser price",0,0,0
511,Publishing industries except internet (includes software),nitrous oxide,"kg/2018 USD, purchaser price",0,0,0
511,Publishing industries except internet (includes software),other GHGs,"kg CO2e/2018 USD, purchaser price",0.002,0,0.002
512,Motion picture and sound recording industries,carbon dioxide,"kg/2018 USD, purchaser price",0.052,0.002,0.055
512,Motion picture and sound recording industries,methane,"kg/2018 USD, purchaser price",0,0,0
512,Motion picture and sound recording industries,nitrous oxide,"kg/2018 USD, purchaser price",0,0,0
512,Motion picture and sound recording industries,other GHGs,"kg CO2e/2018 USD, purchaser price",0.001,0,0.001
513,Broadcasting and telecommunications,carbon dioxide,"kg/2018 USD, purchaser price",0.078,0,0.078
513,Broadcasting and telecommunications,methane,"kg/2018 USD, purchaser price",0,0,0
513,Broadcasting and telecommunications,nitrous oxide,"kg/2018 USD, purchaser price",0,0,0
513,Broadcasting and telecommunications,other GHGs,"kg CO2e/2018 USD, purchaser price",0.006,0,0.006
514,Data processing includes internet publishing and other information services,carbon dioxide,"kg/2018 USD, purchaser price",0.081,0,0.081
514,Data processing includes internet publishing and other information services,methane,"kg/2018 USD, purchaser price",0,0,0
514,Data processing includes internet publishing and other information services,nitrous oxide,"kg/2018 USD, purchaser price",0,0,0
514,Data processing includes internet publishing and other information services,other GHGs,"kg CO2e/2018 USD, purchaser price",0.004,0,0.004
521CI,Federal Reserve banks with credit intermediation and related activities,carbon dioxide,"kg/2018 USD, purchaser price",0.069,0,0.069
521CI,Federal Reserve banks with credit intermediation and related activities,methane,"kg/2018 USD, purchaser price",0,0,0
521CI,Federal Reserve banks with credit intermediation and related activities,nitrous oxide,"kg/2018 USD, purchaser price",0,0,0
521CI,Federal Reserve banks with credit intermediation and related activities,other GHGs,"kg CO2e/2018 USD, purchaser price",0.001,0,0.001
523,Securities with commodity contracts and investments,carbon dioxide,"kg/2018 USD, purchaser price",0.101,0,0.101
523,Securities with commodity contracts and investments,methane,"kg/2018 USD, purchaser price",0,0,0
523,Securities with commodity contracts and investments,nitrous oxide,"kg/2018 USD, purchaser price",0,0,0
523,Securities with commodity contracts and investments,other GHGs,"kg CO2e/2018 USD, purchaser price",0.002,0,0.002
524,Insurance carriers and related activities,carbon dioxide,"kg/2018 USD, purchaser price",0.042,0,0.042
524,Insurance carriers and related activities,methane,"kg/2018 USD, purchaser price",0,0,0
524,Insurance carriers and related activities,nitrous oxide,"kg/2018 USD, purchaser price",0,0,0
524,Insurance carriers and related activities,other GHGs,"kg CO2e/2018 USD, purchaser price",0.001,0,0.001
525,Trust funds and other financial vehicles,carbon dioxide,"kg/2018 USD, purchaser price",0.182,0,0.182
525,Trust funds and other financial vehicles,methane,"kg/2018 USD, purchaser price",0.001,0,0.001
525,Trust funds and other financial vehicles,nitrous oxide,"kg/2018 USD, purchaser price",0,0,0
525,Trust funds and other financial vehicles,other GHGs,"kg CO2e/2018 USD, purchaser price",0.002,0,0.002
532RL,Rental and leasing services and lessors of intangible assets,carbon dioxide,"kg/2018 USD, purchaser price",0.09,0,0.09
532RL,Rental and leasing services and lessors of intangible assets,methane,"kg/2018 USD, purchaser price",0,0,0
532RL,Rental and leasing services and lessors of intangible assets,nitrous oxide,"kg/2018 USD, purchaser price",0,0,0
532RL,Rental and leasing services and lessors of intangible assets,other GHGs,"kg CO2e/2018 USD, purchaser price",0.003,0,0.003
5411,Legal services,carbon dioxide,"kg/2018 USD, purchaser price",0.058,0,0.058
5411,Legal services,methane,"kg/2018 USD, purchaser price",0,0,0
5411,Legal services,nitrous oxide,"kg/2018 USD, purchaser price",0,0,0
5411,Legal services,other GHGs,"kg CO2e/2018 USD, purchaser price",0.001,0,0.001
5412OP,Miscellaneous professional which includes scientific and technical services,carbon dioxide,"kg/2018 USD, purchaser price",0.109,0,0.109
5412OP,Miscellaneous professional which includes scientific and technical services,methane,"kg/2018 USD, purchaser price",0.001,0,0.001
5412OP,Miscellaneous professional which includes scientific and technical services,nitrous oxide,"kg/2018 USD, purchaser price",0,0,0
5412OP,Miscellaneous professional which includes scientific and technical services,other GHGs,"kg CO2e/2018 USD, purchaser price",0.004,0,0.004
5415,Computer systems design and related services,carbon dioxide,"kg/2018 USD, purchaser price",0.06,0,0.06
5415,Computer systems design and related services,methane,"kg/2018 USD, purchaser price",0,0,0
5415,Computer systems design and related services,nitrous oxide,"kg/2018 USD, purchaser price",0,0,0
5415,Computer systems design and related services,other GHGs,"kg CO2e/2018 USD, purchaser price",0.004,0,0.004
55,Management of companies and enterprises,carbon dioxide,"kg/2018 USD, purchaser price",0.102,0,0.102
55,Management of companies and enterprises,methane,"kg/2018 USD, purchaser price",0,0,0
55,Management of companies and enterprises,nitrous oxide,"kg/2018 USD, purchaser price",0,0,0
55,Management of companies and enterprises,other GHGs,"kg CO2e/2018 USD, purchaser price",0.002,0,0.002
561,Administrative and support services,carbon dioxide,"kg/2018 USD, purchaser price",0.088,0,0.088
561,Administrative and support services,methane,"kg/2018 USD, purchaser price",0.001,0,0.001
561,Administrative and support services,nitrous oxide,"kg/2018 USD, purchaser price",0,0,0
561,Administrative and support services,other GHGs,"kg CO2e/2018 USD, purchaser price",0.004,0,0.004
562,Waste management and remediation services,carbon dioxide,"kg/2018 USD, purchaser price",0.274,0,0.274
562,Waste management and remediation services,methane,"kg/2018 USD, purchaser price",0.044,0,0.044
562,Waste management and remediation services,nitrous oxide,"kg/2018 USD, purchaser price",0,0,0
562,Waste management and remediation services,other GHGs,"kg CO2e/2018 USD, purchaser price",0.013,0,0.013
61,Educational services,carbon dioxide,"kg/2018 USD, purchaser price",0.176,0,0.176
61,Educational services,methane,"kg/2018 USD, purchaser price",0.001,0,0.001
61,Educational services,nitrous oxide,"kg/2018 USD, purchaser price",0,0,0
61,Educational services,other GHGs,"kg CO2e/2018 USD, purchaser price",0.003,0,0.003
621,Ambulatory health care services,carbon dioxide,"kg/2018 USD, purchaser price",0.088,0,0.088
621,Ambulatory health care services,methane,"kg/2018 USD, purchaser price",0,0,0
621,Ambulatory health care services,nitrous oxide,"kg/2018 USD, purchaser price",0,0,0
621,Ambulatory health care services,other GHGs,"kg CO2e/2018 USD, purchaser price",0.003,0,0.003
622,"Hospitals|carbon dioxide|kg/2018 USD, purchaser price|0.144",,,,0,0.144
622,"Hospitals|methane|kg/2018 USD, purchaser price|0.001",,,,0,0.001
622,"Hospitals|nitrous oxide|kg/2018 USD, purchaser price|0",,,,0,0
622,"Hospitals|other GHGs|kg CO2e/2018 USD, purchaser price|0.003",,,,0,0.003
623,"Nursing and residential care facilities|carbon dioxide|kg/2018 USD, purchaser price|0.14",,,,0,0.14
623,"Nursing and residential care facilities|methane|kg/2018 USD, purchaser price|0.001",,,,0,0.001
623,"Nursing and residential care facilities|nitrous oxide|kg/2018 USD, purchaser price|0",,,,0,0
623,"Nursing and residential care facilities|other GHGs|kg CO2e/2018 USD, purchaser price|0.005",,,,0,0.005
624,"Social assistance|carbon dioxide|kg/2018 USD, purchaser price|0.135",,,,0,0.135
624,"Social assistance|methane|kg/2018 USD, purchaser price|0.001",,,,0,0.001
624,"Social assistance|nitrous oxide|kg/2018 USD, purchaser price|0",,,,0,0
624,"Social assistance|other GHGs|kg CO2e/2018 USD, purchaser price|0.004",,,,0,0.004
711AS,Performing arts which includes spectator sports and museums,carbon dioxide,"kg/2018 USD, purchaser price",0.073,0,0.073
711AS,Performing arts which includes spectator sports and museums,methane,"kg/2018 USD, purchaser price",0,0,0
711AS,Performing arts which includes spectator sports and museums,nitrous oxide,"kg/2018 USD, purchaser price",0,0,0
711AS,Performing arts which includes spectator sports and museums,other GHGs,"kg CO2e/2018 USD, purchaser price",0.001,0,0.001
713,Amusements and  gambling  which inludes recreation industries,carbon dioxide,"kg/2018 USD, purchaser price",0.326,0,0.326
713,Amusements and  gambling  which inludes recreation industries,methane,"kg/2018 USD, purchaser price",0.002,0,0.002
713,Amusements and  gambling  which inludes recreation industries,nitrous oxide,"kg/2018 USD, purchaser price",0,0,0
713,Amusements and  gambling  which inludes recreation industries,other GHGs,"kg CO2e/2018 USD, purchaser price",0.004,0,0.004
721,Accommodation,carbon dioxide,"kg/2018 USD, purchaser price",0.158,0,0.158
721,Accommodation,methane,"kg/2018 USD, purchaser price",0.001,0,0.001
721,Accommodation,nitrous oxide,"kg/2018 USD, purchaser price",0,0,0
721,Accommodation,other GHGs,"kg CO2e/2018 USD, purchaser price",0.002,0,0.002
722,Food services and drinking places,carbon dioxide,"kg/2018 USD, purchaser price",0.194,0,0.194
722,Food services and drinking places,methane,"kg/2018 USD, purchaser price",0.001,0,0.001
722,Food services and drinking places,nitrous oxide,"kg/2018 USD, purchaser price",0,0,0
722,Food services and drinking places,other GHGs,"kg CO2e/2018 USD, purchaser price",0.006,0,0.006
81,Other services except government,carbon dioxide,"kg/2018 USD, purchaser price",0.124,0,0.124
81,Other services except government,methane,"kg/2018 USD, purchaser price",0.001,0,0.001
81,Other services except government,nitrous oxide,"kg/2018 USD, purchaser price",0,0,0
81,Other services except government,other GHGs,"kg CO2e/2018 USD, purchaser price",0.004,0,0.004
HS,Housing,carbon dioxide,"kg/2018 USD, purchaser price",0.021,0,0.021
HS,Housing,methane,"kg/2018 USD, purchaser price",0,0,0
HS,Housing,nitrous oxide,"kg/2018 USD, purchaser price",0,0,0
HS,Housing,other GHGs,"kg CO2e/2018 USD, purchaser price",0.001,0,0.001
ORE,Other real estate,carbon dioxide,"kg/2018 USD, purchaser price",0.405,0,0.405
ORE,Other real estate,methane,"kg/2018 USD, purchaser price",0.001,0,0.001
ORE,Other real estate,nitrous oxide,"kg/2018 USD, purchaser price",0,0,0
ORE,Other real estate,other GHGs,"kg CO2e/2018 USD, purchaser price",0.004,0,0.004